Number,Date,Check 1,O/T,Check 2,O/T,Check 3,O/T,Final Age,Initaials,
1,11/10/23,1,O,1,O,,,1O,Jacob,
2,11/10/23,1,O,1,O,,,1O,Jacob,
2,2/20/23,n/a?,n/a?,4,T,,,4T,JN,
3,11/10/23,3,T,3,T,,,3T,Jacob,
3,2/10/23,n/a?,n/a?,2,T,,,,,
4,11/10/23,3,T,3,T,,,3T,Jacob,
4,2/20/23,n/a?,n/a?,2,T,,,,,
5,11/10/23,2,T,2,T,,,2T,Jacob,
6,11/10/23,2,T,2,T,2,T,2T,Jacob,
7,11/10/23,2,T,2,T,,,2T,Jacob,
8,11/10/23,3,O,2,O,2,O,2O,Jacob,
9,11/10/23,2,T,2,T,,,2T,Jacob,
9,2/20/23,,,1,T,,,,,
10,11/10/23,2,T,1,T,1,T,1T,Jacob,
11,11/10/23,1,T,1,T,,,1T,Jacob,
11,2/20/23,n/a?,n/a?,3,T,,,,,
12,11/10/23,1,T,1,T,,,1T,Jacob,
12,12/20/23,3,T,3,T,,,3T,MP,
13,11/10/23,3,O,3,O,,,3O,Jacob,
13,12/20/23,12,T,12,T,,,12T,PP2,
14,11/10/23,2,T,4,T,2,T,2T,Jacob,
14,2/20/24,4,T,,,,,,,
15,11/10/23,1,T,1,T,,,1T,Jacob,
15,7/1/23,3,O,5,O,,,2O,JG + MP,
16,10-Nov,2,T,3,T,1,T,1T,Jacob,
16,7/1/23,3,T,3,T,,,3T,MP,
17,11/10/23,3,T,3,T,,,3T,Jacob,
17,7/1/23,3,O,3,T,,,,,
18,11/10/23,1,O,2,O,1,T,1T,Jacob,
18,7/1/23,12,T,12,T,,,12T,JN,
19,11/10/23,2,T,2,T,,,2T,Jacob,
19,7/1/23,2,O,,,,,,,
20,11/10/23,1,O,1,O,,,1O,Jacob,
20,7/1/23,n/a?,n/a?,1,O,,,1O,JC,
21,3/15/23,5,T,4,T,4,T,4T,Jacob,
21,7/1/23,7,O,,,,,,,
22,3/15/23,3,O,3,O,,,3O,Jacob,
23,3/15/23,3,O,3,O,,,3O,Jacob,
24,3/15/23,8,T,8,T,,,8T,Jacob,
25,3/15/23,11,T,11,T,,,11T,Jacob,
26,3/15/23,3,O,3,O,,,3O,Jacob,
26,3/2/24,1,O,4,T,,,1O,JG,
27,3/15/23,3,T,3,T,,,3T,Jacob,
27,3/2/24,2,O,2,T,,,2T,JC,
28,3/15/23,3,T,3,T,,,3T,Jacob,
28,3/2/24,5,T,,,,,,,"otilith cracked, in round 2 box "
29,3/15/23,8,O,8,O,,,8O,Jacob,
29,3/2/24,5,O,,,,,,,
29,3/2/24,4,T,4,T,,,4T,AM2,
30,3/15/23,3,T,3,T,,,3T,Jacob,
31,3/15/23,2,O,2,O,,,2O,Jacob,
32,3/15/23,2,O,3,O,3,O,3O,Jacob,
32,n/a,2,T,2,T,,,2T,JN,
33,3/15/23,4,O,4,O,,,4O,Jacob,
34,3/15/23,1,T,1,T,,,1T,Jacob,
34,n/a,2,T,4,T,,,,,
35,3/15/23,4,O,4,O,,,4O,Jacob,
35,n/a,3,T,3,T,,,3T,MP,
36,3/15/23,4,T,3,T,3,O,3O,Jacob,
36,n/a,n/a,,,,,,,,
37,12/2/24,2,O,1,O,2,O,2O,MT,
38,n/a,3,T,3,T,,,3T,MP,
39/ inconclusive,12/2/24,4,T,3,O,,,,,
40,12/2/24,5,T,4,T,4,T,4T,AM2,
41,12/2/24,9,T,8,T,,,9T,BD,
42,12/2/24,4,T,3,T,,,3T,MT,
374/ inconclusive,12/2/24,5,T,3,T,,,3T,BD,
44,12/2/24,4,O,4,O,,,4O,AM2,
45,12/2/24,2,T,2,O,,,2O,JG,
46,12/2/24,6,T,6,T,,,6T,JN,
47,12/2/24,3,T,3,T,,,3T,JN,
49,12/2/24,5,O,5,O,,,5O,MP,
50,12/2/24,7,O,4,O,,,7O,JN,
51,12/2/24,6,O,6,O,,,6O,MP,
52,12/2/24,4,O,,,,,,,
53,12/2/24,3,O,3,O,,,3O,MP,
BD,12/2/24,4,O,1,O,,,2T,,
56,12/2/24,1,O,1,O,,,1O,JN,
57,12/2/24,4,T,needs cut again,,,,,,
57,12/2/24,2,O,3,O,4,T,,,
58,12/2/24,4,O,3,O,,,4O,JG,
59,12/2/24,2,O,2,O,,,2O,MP,
60,12/2/24,4,O,4,O,,,4O,AM2,
61,12/2/24,4,T,3,T,4,T,4T,AW,
62,12/2/24,5,O,4,T,5,O,5O,MT,
63,12/2/24,3,O,3,O,,,3O,LS,
64,12/2/24,3,O,3,O,,,3O,LS,
65,12/2/24,6,T,6,T,,,6T,MP,
66,12/2/24,7,O,7,O,,,7O,MP,
68,12/2/24,3,T,,,,,,,
68,12/2/24,2,T,,,,,,,
69,12/2/24,5,O,5,T,5,T,5T,LS,
70,12/2/24,3,O,3,O,,,3O,LS,
71,12/2/24,4,T,4,T,,,4T,PP2,
72,12/2/24,4,O,4,O,,,4O,JN,
73,12/2/24,6,O,6,O,,,6O,MP,
74,12/2/24,2,O,2,O,,,2O,AM2,
75,12/2/24,4,T,2,T,,,4T,MT,
76,12/2/24,6,O,6,O,,,6O,AM2,
79,12/2/24,4,T,4,T,,,4T,MP,
80,12/2/24,3,T,4,T,4,T,4T,AW,
81,12/2/24,7,O,4,T,4,T,4T,JN,
82,12/2/24,6,O,6,O,,,6O,MP,
83,12/2/24,1,O,2,T,2,T,2T,LS,
84,12/2/24,4,T,3,T,3,T,3T,MT,
85,12/2/24,4,T,4,T,,,4T,MP,
86,12/2/24,5,T,5,T,,,5T,MP,
87,12/2/24,6,O,6,O,,,6O,MP,
88,12/2/24,6,O,6,O,,,6O,MP,
89,12/2/24,3,O,4,O,,,4O,JG,
90,12/2/24,4,T,4,T,,,4T,MP,
91,12/2/24,n/a?,n/a?,8,O,8,O,8O,BD,
92,12/2/24,3,T,3,T,,,3T,JN,
93,12/2/24,7,O,4,O,,,7O,MP,
94,12/2/24,6,O,6,O,,,6O,MP,
95,12/2/24,6,O,4,O,,,4T,AW,
96,12/2/24,6,O,6,O,,,6O,MP,
98,12/2/24,1,O,1,O,,,1O,MT,
99,12/2/24,5,T,6,T,,,6T,AW,
100,12/2/24,3,O,3,O,,,3O,MP,
102,12/2/24,3,T,,,,,,,
102,12/2/24,3,T,3,T,,,3T,MP,
103,12/2/24,6,O,5,O,5,O,5O,AW,
105,12/2/24,6,O,5,T,5,T,5T,AW,
106,12/2/24,6,O,,,,,,,
107,12/2/24,4,T,4,O,,,4O,MT,
108,12/2/24,3,T,5,T,,,,,
109,12/2/24,5,T,4,T,4,T,4T,MP,
110,12/2/24,4,T,6,O,6,O,6O,MP,
111,12/2/24,3,T,2,O,3,T,3T,MP,
112,12/2/24,5,T,5,T,,,5T,AM,
113,12/2/24,4,O,2,T,,4O,JG,,
114,12/2/24,4,O,4,T,,,4T,MT,
115,12/2/24,3,O,2,T,3,O,3O,MT,
116,12/2/24,4,O,5,T,,,4O,BD,
117,12/2/24,5,T,3,T,3,T,3T,Mp,
118,12/2/24,2,O,3,O,,,3O,MT,
119,12/2/24,4,T,4,T,,,4T,AM2,
120,12/2/24,3,T,1,T,1,T,1T,MP,
121,12/2/24,1,T,1,T,,,1T,MP,
122,12/2/24,7,T,7,T,,,7T,PP2,
125,12/2/24,7,O,6,O,,,6O,AW,
126,12/2/24,2,O,1,O,2,O,2O,MT,
127,12/2/24,5,O,5,O,,,5O,PP2,
128,12/2/24,8,O,7,O,7,O,7O,MP,
129,12/2/24,4,T,4,T,,,4T,AM,
130,12/2/24,3,T,3,T,,,3T,JN,
132,12/2/24,4,O,4,O,,,4O,MP,
133,12/2/24,2,O,2,O,,,2O,MP,
135,12/2/24,2,T,,,,,,,
136,12/2/24,5,T,3,T,,,,,
137,12/2/24,2,O,2,O,,,2O,MP,
138,12/2/24,6,T,6,T,,,6T,AM,
139,12/2/24,3,T,5,T,,,5T,AW,
141,12/2/24,3,T,3,T,,,3T,,
142,12/2/24,6,O,6,O,,,6O,MP,
145,12/2/24,4,T,4,T,,,4T,AM2,
147,12/2/24,4,T,,,,,,,
148,12/2/24,9,T,5,T,,,,,
149,12/2/24,n/a?,n/a?,5,O,5,O,5O,MP,
150,12/2/24,4,T,4,T,,,4T,MP,
152,12/2/24,2,O,3,O,2,O,2O,JN,
153,12/2/24,5,O,6,O,6,O,6O,AW,
154,12/2/24,6,O,6,O,,,,,
156,12/2/24,6,T,6,T,,,6T,MP,
157,12/2/24,4,T,4,T,,,4T,,
159,12/2/24,3,O,,,,,3T,JN,
160,2/23/25,5,O,5,O,,,5O,PP2,
161,2/23/25,3,O,,,,,,,
162,2/23/25,3,O,3,O,,,3O,PP2,
164,2/23/25,4,T,4,T,,,4T,PP2,
166,2/23/25,3,T,3,T,,,3T,MP,
167,2/23/25,3,T,4,T,,,4T,JG,
168,2/23/25,4,T,4,T,,,,,
169,2/23/25,2,T,2,T,,,2T,MP,
170,2/23/25,4,O,4,T,,,4T,JG,
171,2/23/25,5,O,5,O,,,5O,JN,
172,2/23/25,6,T,6,T,,,6T,MP,
173,12/23/24,3,T,3,O,3,O,3O,MT,
174,2/24/25,2,T,3,T,2,T,2T,AW,
175,2/23/25,3,T,3,T,,,3T,JN,
176,2/23/25,3,O,3,O,,,,,
177,2/23/25,5,T,,,,,,,
178,2/23/25,5,T,5,T,,,5T,MP,
179,2/23/25,2,O,,,,,,,
180,2/23/25,2,T,2,T,,,2T,JN,
182,2/23/25,6,T,5,T,6,T,6T,LS,
183,2/23/25,3,T,,,,,,,
184,12/2/24,3,T,3,T,,,3T,PP2,
185,2/23/25,4,T,5,T,,,4T,MT,
186,2/25/25,3,T,3,T,,,3T,MP,
187,2/23/25,4,T,3,T,,,BD,,
189,2/23/25,2,T,3,T,2,T,2T,AM,
191,2/23/25,2,T,3,T,,,3T,MT,
194,2/23/25,5,T,4,T,4,T,4T,LS,
195,2/23/25,4,T,1,O,3,O,1O,JG,
196,2/23/25,5,T,5,T,,,5T,MP,
197,2/23/25,4,T,4,T,,,4T,MP,
198,2/23/25,3,T,3,T,,,3T,MP,
207,2/23/25,2,T,2,T,,,2T,MT,
209,2/23/25,3,T,2,T,,,2T,JG,
210,2/23/25,4,O,4,O,,,4O,MT,
211,2/23/25,3,T,3,T,,,3T,PP2,
212,2/23/25,5,T,5,T,3,T,5T,PP2,
214,2/23/25,2,T,3,T,,,3T,JG,
215,2/23/25,1,O,3,O,,,3O,AW,
104 dr. f needs,12/2/24,7,O,5,O,4,T,,,
123 need dr. f,12/2/24,7,T,8,O,11,O,10O,,
134 need dr. f,12/2/24,3,T,4,O,4,T,,,
144 need dr. f,12/2/24,5,T,3,T,2,O,,,
146 need dr. f,12/2/24,4,O,4,T,5,T,,,
155 need dr. f,12/2/24,3,O,4,T,5,T,,,
163 need dr. f,2/23/25,2,T,2,O,4,O,,,
48 need dr. f,12/2/24,3,T,0,T,1,T,,,
54 (needs dr. f),12/2/24,4,O,3,T,3,O,,,
67 need dr. f,12/2/24,2,O,3,O,2,T,,,
78 need dr. f,12/2/24,5,T,6,O,5,O,,,
MP,12/2/24,4,T,4,T,,,4T,,
PP2,12/2/24,4,n/a,4,O,,,4,,
97,12/2/24,6,O,,,,,6O,AW,
190,2/23/25,2,O,4,T,,,4T,MT,
219,2/23/25,7,T,4,T,,,7T,JG,
224,2/23/25,4,O,3,T,,,3T,JG,
202,2/23/25,5,T,6,O,,,6O,JG,
205,2/23/25,5,O,5,T,,,5T,JG,
151,12/2/24,,,,,,,3T,JG,
10,2/23/25,,,,,,,3O,JG,
220,2/23/25,6,T,4,T,,,4T,JG,
232,2/23/25,3,T,4,O,,,4O,MT,
T,2/23/25,2,T,3,,,,2O,MT,
227,2/23/25,4,T,2,T,,,2T,MT,
239,2/23/25,3,O,3,T,,,3T,JN,
181,2/23/25,3,O,3,T,,,3T,JG,
300,2/23/25,2,T,3,T,,,3T,JG,
234,2/23/25,6,O,5,T,,,5T,ME,
355,9/7/25,5,O,6,O,,,6O,JG,
T,2/23/25,3,T,2,,,,2T,ME,
295,2/23/25,5,T,4,O,,,4T,ME,
468,9/7/25,5,T,4,O,,,4O,JG,
314,2/23/25,2,T,3,T,,,3T,JG,
289 / inconclusive,2/23/25,4,O,2,T,,,3O,JC,
395,9/7/25,5,T,3,T,,,3T,JA,
346,9/7/25,9,T,11,T,,,11T,JC,
323/ inconclusive,9/7/25,6,O,5,O,,,6T,JC,
363/ inconclusive,9/7/25,6,O,5,O,5,O,5O,JA,
268,2/23/25,6,T,5,O,,,6T,BL,
264,2/23/25,4,T,5,T,,,4T,BL + JG,
399,9/7/25,6,O,6,T,,,7T,BL + JG,
384,9/7/25,5,O,7,O,7,O,7O,BL,
369,9/7/25,6,O,8,O,,,8O,BL,
373,9/7/25,3,O,4,T,,,4T,BL,
467,9/7/25,5,O,4,T,4,T,4T,JA,
315,2/23/25,5,T,4,T,4,T,4T,BL,
296,2/23/25,5,T,4,T,,,5T,JA,
408,9/7/25,3,O,2,T,2,T,2T,JA,
325,9/7/25,5,O,,,,,5O,JA,
T,9/7/25,9/7/25,4,,,,,5O,JA,
258,2/23/25,7,T,7,O,,,7T,BD,
419,9/7/25,4,T,4,O,4,O,4O,BD,
316,2/23/25,3,T,4,T,3,T,3T,BD,
322,9/7/25,4,T,5,T,,,5T,JG,
281,2/23/25,5,O,6,O,,,7O,JG + J,
334,9/7/25,3,O,4,O,4,O,4O,JG,
241,2/23/25,4,T,3,T,,,3T,JG + J,
389,9/7/25,4,O,3,T,,,4O,JG,
266,2/23/25,3,T,2,T,,,2T,JG +J,
208,2/23/25,3,O,4,O,,,3O,JG,
242,2/23/25,,,,,,,3T,JG + J,
291,2/23/25,14,T,13,O,,,13O,JG,
293,2/23/25,5,T,4,T,,,4T ,JG + J,
443/ inconclusive,9/7/25,2,T,3,O,,,4O,JG,
383/ inconclusive,9/7/25,3,O,5,T,,,4O,JC,
265,2/23/25,4,T,2,T,,,4T,BL,
390,9/2/25,4,O,3,T,,,3T,JC,
330,9/7/25,4,O,5,O,,,5O,BL,
367,9/2/25,6,O,5,O,,,6T,JC,
391,9/7/25,7,T,6,T,,,7T,JA,
222,7/25/25,3,T,,,,,2T,JA,
414,9/7/25,7,T,6,T,,,6T,JC,
435,9/7/25,4,O,3,T,,,4O,JA,
320,9/7/25,7,O,,,,,5O,BD,
267,2/23/25,4,T,3,T,,,4T,PR,
328,9/7/25,5,O,7,O,,,7O,PR,
398,9/7/25,3,O,4,O,4,O,4O,BD,
345,9/7/25,5,T,6,O,,,6O,BD,
313,2/25/25,3,O,4,T,,,4T,TN,
403,9/7/25,6,O,5,O,5,O,5O,TN,
319,9/7/25,5,O,6,O,,,6O,TN,
324,9/7/25,3,T,2,T,,,2T,BD,
270,2/23/25,3,O,3,T,,,3O,BD,
374/ inconcclusive,9/7/25,4,T,3,T,,,5O,BD,
344,9/7/25,3,O,5,O,,,5O,BD,
388,9/7/25,4,O,4,T,,,6O,BD,
429,9/7/25,4,O,5,O,,,5O,BD,
283,2/23/25,4,T,4,T,,,5O,BD,
250,2/23/25,5,T,4,T,,,4T,BD,
481,11/9/25,3,O,5,T,,,5T,PL,
426,9/7/25,6,T,3,T,,,6O,BL,
246,2/23/25,4,T,,,,,3T,PL,
203,2/23/25,4,T,4,T,,,4T,MP,
204,2/23/25,4,T,4,T,,,4T,MP,
218,2/23/25,5,T,5,T,,,5T,MP,
217,2/23/25,2,T,2,T,,,2T,MP,
201,2/23/25,3,O,3,O,,,3O,AW,
206,2/23/25,4,T,4,T,,,4T,PP2,
221,2/23/25,2,T,2,T,,,2T,PP2,
225,2/23/25,5,T,5,T,,,5T,PP2,
226,2/23/25,6,T,6,T,,,6T,PP2,
228,2/23/25,5,O,6,T,6,T,6T,PL,
223,2/23/25,3,O,3,O,,,3O,PP2,
229,2/23/25,4,O,4,O,,,,,
230,2/23/25,3,T,3,T,,,,,
231/ inconclusive,2/23/25,2,T,,,1,O,,,
233,2/23/25,3,T,3,T,,,3T,MP,
237,2/23/25,3,O,3,O,,,3O,MP,
240,2/23/25,3,T,3,T,,,3T,MP,
242,2/23/25,5,T,,,,,,,
244,2/23/25,3,T,,,,,,,
290,2/23/25,4,O,4,O,,,4O,MP,
243,2/23/25,5,T,4,T,4,T,4T,BL,
249,2/23/25,2,T,2,T,,,2T,AB,
261,2/23/25,3,T,3,T,,,3T,MTM,
378,9/7/25,5,T,,,,,,,
444,9/7/25,3,O,,,,,,,
358,9/7/25,3,O,3,O,,,3O,PL,
372,9/7/25,4,T,,,,,,,
263,2/23/25,5,T,,,,,,,
294,2/23/25,4,T,,,,,,,
312,2/23/25,3,T,3,T,,,3T,PL,
269,2/23/25,3,T,3,T,,,3T,GB,
277,2/25/25,3,T,3,T,,,3T,AB,
267,2/26/25,1,O,,,,,,,
292,2/23/25,6,T,6,T,,,,,
297,2/23/25,4,O,4,O,,,,,
245,2/23/25,2,O,,,,,,,
382,9/7/25,3,T,3,T,,,3T,PL,
247,2/23/25,2,T,,,,,,,
248,2/23/25,4,T,5,T,4,T,4T,BL,
381,9/7/25,6,O,6,O,,,,,
298,2/23/25,4,T,4,T,,,4T,GB,
379,9/7/25,7,O,7,O,,,7O,AM,
380,9/7/25,6,O,,,,,,,
252,2/23/25,3,T,3,T,,,3T,PL,
253,2/23/25,3,T,5,T,3,T,3T,JC,
259,2/23/25,3,T,4,T,4,T,4T,MM,
255,2/23/25,3,T,2,T,3,T,3T,MM,
254,2/23/25,4,T,4,T,,,4T,AB,
257,2/23/25,5,T,4,T,5,T,5T,BD,
303,2/25/25,2,T,2,T,,,2T,PR,
304,2/25/25,4,T,4,T,,,4T,AM,
278,2/23/25,4,T,3,T,3,T,3T,BD,
273,2/23/25,4,T,,,,,,,
318,2/23/25,3,T,3,T,,,3T,PL,
340,9/7/25,7,O,7,O,,,7O,GB,
301,2/25/25,3,T,,,,,,,
305,2/25/25,3,T,3,T,,,3T,PL,
272,2/23/25,3,T,,,,,,,
274,2/23/25,3,O,4,T,,,,,
476,9/7/25,7,O,7,O,,,7O,PL,
306,2/25/25,3,T,3,T,,,3T,AW,
321,9/7/25,4,O,4,O,,,4O,PL,
347,9/7/25,4,O,4,O,,,4O,GB,
307,2/25/25,3,T,3,T,,,3T,MP,
279,2/23/25,3,T,3,T,,,3T,PL,
329,9/2/25,3,T,,,,,,,
327,9/7/25,3,O,3,O,,,3O,PL,
359,9/7/25,7,O,7,O,,,7O,MP,
442,9/7/25,3,T,3,T,,,3T,PR,
392,9/7/25,4,O,4,O,,,,,
404,9/7/25,5,O,3,O,5,O,5O,BD,
450,9/7/25,6,O,7,T,6,O,6O,JA,
331,9/7/25,2,T,2,T,,,2T,PL,
280,2/23/25,5,T,5,T,,,5T,MP,
284,2/23/25,2,T,2,T,,,2T,MP,
448,9/7/25,5,O,5,O,,,5O,KH,
354,9/7/25,4,T,,,,,,,
357,9/7/25,4,T,5,O,,,5O,MP,
308,2/25/25,4,T,4,T,,,4T,KH,
310,2/23/25,3,T,3,T,,,3T,GB,
317,2/23/25,3,T,3,T,,,3T,MP,
287,2/23/25,3,T,4,T,4,T,4T,MM,
439,9/7/25,5,O,5,O,,,5O,AM,
411,9/7/25,5,O,5,O,,,5O,MP,
470/ inconclusive,9/7/25,4,T,4,O,5,O,,,
393,9/7/25,4,O,4,O,,,4O,AM,
271,2/23/25,5,O,5,T,5,T,5T,MM,
275/ inconclusive,2/23/25,6,T,,,1,T,,,
406,9/7/25,5,T,5,O,,,,,
350,9/7/25,6,T,6,T,,,6T,KH,
425,9/7/25,4,T,5,T,5,T,5T,MM,
436,9/7/25,7,T,7,T,,,7T,KH,
282,9/7/25,2,T,,,,,,,
377,9/7/25,5,O,5,O,,,5O,MP,
416,9/7/25,7,O,8,O,7,O,7O,JC,
417,9/7/25,4,O,4,O,,,4O,KH,
415,9/7/25,4,O,4,O,,,4O,KH,
376/ inconclusive,9/7/25,3,O,4,O,6,O,,,
352,9/7/25,3,O,3,O,,,3O,MP,
375,9/7/25,2,O,,,,,,,
370,9/7/25,4,O,5,O,,,,,
362,9/7/25,5,O,5,O,,,5O,HE,
335,9/7/25,3,T,3,T,,,3T,PL,
413,9/7/25,4,O,4,O,,,4O,MP,
397,9/7/25,5,O,5,O,,,5O,HE,
332,9/7/25,4,O,4,O,,,4O,MP,
341,9/7/25,7,O,7,O,,,7O,MP,
366,9/7/25,6,O,6,O,,,6O,MP,
342,9/7/25,4,O,4,O,,,4O,MP,
348,9/7/25,2,O,2,O,,,2O,PL,
343,9/7/25,1,O,2,T,2,T,2T,BD,
437,9/7/25,5,O,6,O,6,O,6O,BL,
386,9/7/25,5,O,5,O,,,5O,AW,
353,9/7/25,2,O,3,O,3,O,3O,PL,
441,9/7/25,3,O,4,O,4,O,4O,BD,
333,9/7/25,4,O,4,O,,,4O,MP,
466,9/7/25,8,O,8,O,,,8O,AM,
445,9/7/25,4,T,4,T,,,4T,JC,
326,9/7/25,6,O,7,T,,,,,
451,9/7/25,3,T,3,T,,,3T,PL,
337,9/7/25,4,O,3,O,,,,,
336,9/7/25,4,O,,,,,,,
422,9/7/25,5,O,5,O,,,5O,BD,
454,9/7/25,3,O,3,O,,,3O,PL,
453,9/7/25,3,T,3,T,,,3T,PL,
431,9/7/25,9,O,9,O,,,9O,BD,
433,9/7/25,6,O,7,O,7,O,7O,BD,
440,9/7/25,5,O,5,T,5,O,5O,PL,
475/ inconclusive,9/7/25,3,T,3,O,5,O,,,
446,9/7/25,5,T,5,O,5,O,5O,JA,
402,9/7/25,4,T,4,O,,,4O,AM,
412,9/7/25,4,T,5,T,5,T,5T,PL,
424,9/7/25,4,O,4,O,,,4O,PL,
410,9/7/25,7,O,7,O,,,7O,MT,
385/ need kaylee,9/7/25,,,,,,,,,
420,9/7/25,4,T,,,,,,,
434,9/7/25,6,O,6,O,,,6O,BD,
461,9/7/25,5,T,4/5?,O,,,,,
456,9/7/25,4,O,4,O,,,4O,PL,
364,9/7/25,7,O,7,O,,,7O,AM,
464,9/7/25,5,O,5,O,,,5O,BD,
438,9/7/25,5,O,4,O,,,,,
421,9/7/25,4,O,4,O,,,4O,PR,
462,9/7/25,3,T,,,,,,,
409,9/7/25,4,O,4,O,,,4O,PL,
473,9/7/25,7,O,6,O,,,,,
360,9/7/25,5,T,5,T,,,5T,AM,
387,9/7/25,3,O,,,,,,,
365,9/7/25,1,O,,,,,,,
430,9/7/25,3,O,4,O,,,,,
447,9/7/25,4,T,4,O,,,,,
478,9/7/25,7,O,7,O,,,7O,AW,
471,9/7/25,9,O,7,O,7,O,7O,JA,
474,9/7/25,3,O,3,O,,,3O,PR,
463,9/7/25,5,O,6,O,5,O,5O,JA,
458,9/7/25,7,O,7,O,,,7O,BD,
460,9/7/25,3,O,3,O,,,3O,JA,
428,9/7/25,4,O,4,O,,,4O,JA,
285,2/23/25,4,T,4,T,,,4T,AW,
472,09/0725,4,T,5,O,5,O,5O,MM,
477,9/7/25,6,O,6,O,,,6O,AW,
465,9/7/25,4,O,4,O,,,4O,AW,
407,9/7/25,7,O,7,O,,,7O,AW,
427,9/7/25,7,O,6,O,6,O,6O,JA,
405,9/7/25,3,T,3,T,,,3T,AW,
432,9/7/25,5,T,5,T,,,5T,JA,
101,12/2/24,7,T,7,T,,,7T,JC,
188,2/23/25,3,T,3,O,,,,,
449,9/7/25,3,T,3,T,,,3T,JC,
459,9/7/25,5,O,5,T,,,,,
479,11/9/25,3,O,3,O,,,3O,JC,
480,11/9/25,5,O,5,T,5,T,5T,JA,
482,11/9/25,3,T,3,T,,,3T,JC,
483,11/9/25,6,O,7,O,7,O,7O,PL,
484,11/9/25,4,O,4,O,,,4O,JC,
485,11/9/25,5,O,5,O,,,5O,JC,
486,11/9/25,2,O,3,O,,,,,
528,11/9/25,4,O,4,O,,,4O,TN,
529,11/9/15,6,O,8,O,6,O,6O,BL,
530,11/9/25,5,O,5,O,,,5O,TN,
531,11/9/25,6,T,6,T,,,6T,TN,
532,11/9/25,5,O,5,T,5,O,5O,BL,
533,11/9/25,5,T,5,T,,,5T,BL,
534,11/9/25,4,T,4,T,,,4T,BL,
535,11/9/25,8,O,8,O,,,8O,BL,
536,11/9/25,8,O,8,O,,,8O,BL,
537,11/9/25,4,T,2,T,4,T,4T,TN,
538,11/9/25,5,O,5,T,,,,,
539,11/9/25,4,T,3,T,4,T,4T,TN,
540,11/9/25,5,O,5,O,,,5O,BL,
541,11/9/25,4,O,4,O,,,4O,HE,
544,11/9/25,3,O,3,O,,,3O,HE,
545,11/9/25,8,O,4,T,8,O,8O,TN,
546/ inconclusive,11/9/25,4,T,3,T,5,O,,,
549,11/9/25,5,O,3,O,5,O,5O,BD,
551/ inconclusive,11/9/25,3,O,2,O,5,O,,,
506,11/9/25,4,O,4,O,,,,,
507/ inconclusive,11/9/25,8,T,6,O,7,T,,,
508,11/9/25,4,O,4,O,,,4O,JA,
JA,11/9/25,2,O,2,O,,,2O,,
510,11/9/25,3,T,2,O,,,,,
511/ inconclusive,11/9/25,2,T,2,O,6,T,,,
512,11/9/25,6,O,7,O,6,O,6O,BL,
513,11/9/25,3,T,3,T,,,,,
515,11/9/25,4,O,5,O,5,O,5O,TN,
516,11/9/25,3,T,3,T,,,3T,TN,
517,11/9/25,5,T,5,T,,,5T,TN,
521,11/9/25,4,T,4,O,,,4O,AM,
522,11/9/25,3,O,3,O,,,3O,AM,
523,11/9/25,3,O,4,O,3,O,3O,BL,
524,11/9/25,5,T,5,T,,,5T,TN,
525,11/9/25,5,O,5,O,,,5O,TN,
526,11/9/25,4,T,4,T,,,4T,TN,
527,11/9/25,7,O,7,O,,,7O,TN,
487,11/9/25,3,O,3,O,,,3O,JC,
488,11/9/25,4,O,3,O,3,O,3O,MM,
489,11/9/25,5,O,5,O,,,5O,JC,
490/ inconclusive,11/9/25,4,T,5,T,2,T,,,
491,11/9/25,3,T,6,T,,,,,
492,11/9/25,3,O,3,O,,,3O,JC,
493/ inconclusive,11/9/25,6,O,5,T,7,T,,,
494,11/9/25,4,O,4,O,,,4O,JC,
496,11/9/25,5,T,6,T,5,T,5T,JC,
497,11/9/25,6,O,4,O,6,O,6O,PL,
498,11/9/25,5,T,5,T,,,5T,JC,
499,11/9/25,6,O,6,O,,,6O,TN,
500,11/9/25,3,T,3,T,,,3T,TN,
501/ inconclusive,11/9/25,2,T,4,O,2,O,,,
502,11/9/25,3,T,2,T,2,T,2T,PL,
503,11/9/25,6,O,4,O,,,,,
504,11/9/25,4,O,4,O,,,4O,PL,
242,9/7/25,,,3,T,,,,,
246,9/7/25,,,3,T,,,,,
282,2/23/25,,,2,T,,,,,
200,2/23/25,,,1,O,,,,,
222,2/23/25,,,2,T,,,,,
231,9/7/25,,,3,O,,,,,
245,9/7/25,,,2,O,,,,,
52,12/2/24,,,4,O,,,,,
294,2/23/25,,,4,T,,,,,
91,9/7/25,,,7,O,,,,,
575,11/9/25,6,O,7,O,7,O,7O,TN,
576,11/9/25,5,T,4,T,5,T,5T,TN,
577/ inconclusive,11/9/25,4,T,3,O,2,T,,,
578,11/9/25,4,O,4,T,4,O,4O,JC,
579,11/9/25,3,O,4,T,4,T,4T,PL,
580,11/9/25,4,O,4,T,4,O,4O,PL,
581,11/9/25,4,O,6,O,,,,,
582,11/9/25,10,O,10,O,,,10O,TN,
583,11/9/25,3,O,3,O,,,3O,TN,
584,11/9/25,5,O,4,O,4,O,4O,JC,
586,11/9/25,3,T,4,T,4,T,4T,JC,
587,11/9/25,2,T,3,T,2,T,2T,JC,
588,11/9/25,3,T,3,T,,,3T,TN,
589/ inconclusive,11/9/25,9,O,9,T,6,T,,,
590,11/9/25,5,T,5,T,,,5T,PL,
591,11/9/25,5,T,6,T,,,,,
592,11/9/25,5,O,6,O,,,,,
593,11/9/25,13,O,,,,,,,
594,11/9/25,4,T,,,,,,,
595,11/9/25,11,O,,,,,,,
596,11/9/25,2,T,,,,,,,
552,11/9/25,3,T,2,T,3,T,3T,BD,
553,11/9/25,5,O,5,T,5,T,5T,BD,
554/ inconclusive,11/9/25,2,T,2,O,4,T,,,
555,11/9/25,7,O,7,O,,,7O,MP,
556,11/9/25,6,O,6,O,,,6O,MP,
557,11/9/25,4,O,4,T,4,O,4O,BD,
558,11/9/25,4,T,5,O,5,O,5O,BD,
559,11/9/25,4,O,4,O,,,4O,MP,
560,11/9/25,5,O,5,O,,,5O,MP,
561,11/9/25,4,O,4,O,,,4O,MP,
562,11/9/25,6,T,6,O,6,T,6T,BD,
563,11/9/25,4,O,5,O,5,O,,TN,
564,11/9/25,3,T,3,T,,,3T,JA,
565,11/9/25,4,O,4,O,,,4O,JA,
566,11/9/25,7,O,7,O,,,7O,JA,
567,11/9/25,3,O,2,O,4,O,,,
568,11/9/25,5,T,5,T,,,5T,JA,
570,11/9/25,5,O,5,O,,,5O,HE,
571,11/9/25,4,T,4,O,4,O,4O,TN,
572,11/9/25,5,O,5,O,,,5O,HE,
573/ inconclusive,11/9/25,2,O,3,T,4,T,,,
574/ inconclusive,11/9/25,3,O,4,O,4,T,,,
276,9/7/25,,,1,T,1,T,1T,BD,
351,9/7/25,,,3/4?,O,,,,,
457,9/7/25,,,5,O,,,,,